Paquete 1,40,33
Paquete 2,45,93
Paquete 3,51,76
Paquete 4,56,66
Paquete 5,40,9
Paquete 6,46,44
Paquete 7,53,38
Paquete 8,58,82
Paquete 9,44,8
Paquete 10,58,65
Paquete 11,40,6
Paquete 12,59,41
Paquete 13,53,25
Paquete 14,51,32
Paquete 15,59,86
Paquete 16,49,52
Paquete 17,43,78
Paquete 18,54,17
Paquete 19,48,72
Paquete 20,49,80
Paquete 21,45,49
Paquete 22,42,85
Paquete 23,40,96
Paquete 24,46,43
Paquete 25,53,35
Paquete 26,60,51
Paquete 27,50,80
Paquete 28,54,24
Paquete 29,52,87
Paquete 30,51,24
Paquete 31,57,38
Paquete 32,40,9
Paquete 33,42,76
Paquete 34,49,74
Paquete 35,46,24
Paquete 36,51,76
Paquete 37,48,32
Paquete 38,60,62
Paquete 39,54,84
Paquete 40,58,26
Paquete 41,50,11
Paquete 42,46,98
Paquete 43,57,48
Paquete 44,42,71
Paquete 45,56,61
Paquete 46,44,42
Paquete 47,55,10
Paquete 48,48,47
Paquete 49,54,54
Paquete 50,55,46
